{
  "/parabank/services_proxy/bank/requestLoan?customerId=12656&amount=24&downPayment=2&fromAccountId=13788-1,182" : {
    "transaction" : "/parabank/services_proxy/bank/requestLoan?customerId=12656&amount=24&downPayment=2&fromAccountId=13788-1,182",
    "sampleCount" : 1,
    "errorCount" : 0,
    "errorPct" : 0.0,
    "meanResTime" : 2187.0,
    "medianResTime" : 2187.0,
    "minResTime" : 2187.0,
    "maxResTime" : 2187.0,
    "pct1ResTime" : 2187.0,
    "pct2ResTime" : 2187.0,
    "pct3ResTime" : 2187.0,
    "throughput" : 0.45724737082761774,
    "receivedKBytesPerSec" : 0.16610939643347053,
    "sentKBytesPerSec" : 0.32060899634202106
  },
  "Account Opener" : {
    "transaction" : "Account Opener",
    "sampleCount" : 2,
    "errorCount" : 0,
    "errorPct" : 0.0,
    "meanResTime" : 668.0,
    "medianResTime" : 668.0,
    "minResTime" : 433.0,
    "maxResTime" : 903.0,
    "pct1ResTime" : 903.0,
    "pct2ResTime" : 903.0,
    "pct3ResTime" : 903.0,
    "throughput" : 1.4958863126402393,
    "receivedKBytesPerSec" : 0.4981418287210172,
    "sentKBytesPerSec" : 0.9948228309648467
  },
  "/parabank/login.htm-1,168" : {
    "transaction" : "/parabank/login.htm-1,168",
    "sampleCount" : 41,
    "errorCount" : 0,
    "errorPct" : 0.0,
    "meanResTime" : 6513.999999999998,
    "medianResTime" : 6468.0,
    "minResTime" : 1026.0,
    "maxResTime" : 13505.0,
    "pct1ResTime" : 13139.800000000001,
    "pct2ResTime" : 13463.1,
    "pct3ResTime" : 13505.0,
    "throughput" : 2.17092025839246,
    "receivedKBytesPerSec" : 5.337793620274278,
    "sentKBytesPerSec" : 3.0579240244096155
  },
  "login" : {
    "transaction" : "login",
    "sampleCount" : 41,
    "errorCount" : 0,
    "errorPct" : 0.0,
    "meanResTime" : 6513.999999999998,
    "medianResTime" : 6468.0,
    "minResTime" : 1026.0,
    "maxResTime" : 13505.0,
    "pct1ResTime" : 13139.800000000001,
    "pct2ResTime" : 13463.1,
    "pct3ResTime" : 13505.0,
    "throughput" : 2.141998850634763,
    "receivedKBytesPerSec" : 5.2666825303014475,
    "sentKBytesPerSec" : 3.017185785747871
  },
  "/parabank/login.htm-1,168-1" : {
    "transaction" : "/parabank/login.htm-1,168-1",
    "sampleCount" : 41,
    "errorCount" : 0,
    "errorPct" : 0.0,
    "meanResTime" : 2914.365853658537,
    "medianResTime" : 1911.0,
    "minResTime" : 437.0,
    "maxResTime" : 8473.0,
    "pct1ResTime" : 6726.200000000001,
    "pct2ResTime" : 7108.7,
    "pct3ResTime" : 8473.0,
    "throughput" : 2.4651274651274653,
    "receivedKBytesPerSec" : 5.134879768668831,
    "sentKBytesPerSec" : 1.7321771472162095
  },
  "/parabank/index.htm-949" : {
    "transaction" : "/parabank/index.htm-949",
    "sampleCount" : 50,
    "errorCount" : 0,
    "errorPct" : 0.0,
    "meanResTime" : 906.8599999999999,
    "medianResTime" : 706.0,
    "minResTime" : 357.0,
    "maxResTime" : 2783.0,
    "pct1ResTime" : 1591.3999999999999,
    "pct2ResTime" : 1810.1999999999985,
    "pct3ResTime" : 2783.0,
    "throughput" : 8.791981712678037,
    "receivedKBytesPerSec" : 13.093527452962897,
    "sentKBytesPerSec" : 4.636396606295059
  },
  "/parabank/login.htm-1,168-0" : {
    "transaction" : "/parabank/login.htm-1,168-0",
    "sampleCount" : 41,
    "errorCount" : 0,
    "errorPct" : 0.0,
    "meanResTime" : 3598.585365853657,
    "medianResTime" : 2182.0,
    "minResTime" : 531.0,
    "maxResTime" : 8550.0,
    "pct1ResTime" : 7288.2,
    "pct2ResTime" : 8464.3,
    "pct3ResTime" : 8550.0,
    "throughput" : 2.233358753676871,
    "receivedKBytesPerSec" : 0.8392117877764462,
    "sentKBytesPerSec" : 1.576554244062534
  },
  "/parabank/services_proxy/bank/customers/13100/accounts-952" : {
    "transaction" : "/parabank/services_proxy/bank/customers/13100/accounts-952",
    "sampleCount" : 50,
    "errorCount" : 0,
    "errorPct" : 0.0,
    "meanResTime" : 2458.579999999999,
    "medianResTime" : 2395.5,
    "minResTime" : 1044.0,
    "maxResTime" : 4819.0,
    "pct1ResTime" : 3903.9,
    "pct2ResTime" : 4523.799999999999,
    "pct3ResTime" : 4819.0,
    "throughput" : 6.2375249500998,
    "receivedKBytesPerSec" : 2.2386866891217565,
    "sentKBytesPerSec" : 3.2223151353542914
  },
  "Request Loan" : {
    "transaction" : "Request Loan",
    "sampleCount" : 1,
    "errorCount" : 0,
    "errorPct" : 0.0,
    "meanResTime" : 2565.0,
    "medianResTime" : 2565.0,
    "minResTime" : 2565.0,
    "maxResTime" : 2565.0,
    "pct1ResTime" : 2565.0,
    "pct2ResTime" : 2565.0,
    "pct3ResTime" : 2565.0,
    "throughput" : 0.3898635477582846,
    "receivedKBytesPerSec" : 1.122380604288499,
    "sentKBytesPerSec" : 0.5040813840155945
  },
  "/parabank/logout.htm-953-1" : {
    "transaction" : "/parabank/logout.htm-953-1",
    "sampleCount" : 50,
    "errorCount" : 0,
    "errorPct" : 0.0,
    "meanResTime" : 611.3999999999999,
    "medianResTime" : 522.5,
    "minResTime" : 327.0,
    "maxResTime" : 1436.0,
    "pct1ResTime" : 1302.5999999999995,
    "pct2ResTime" : 1406.9499999999998,
    "pct3ResTime" : 1436.0,
    "throughput" : 10.254306808859722,
    "receivedKBytesPerSec" : 15.631809500615258,
    "sentKBytesPerSec" : 6.098508639253486
  },
  "/parabank/logout.htm-953-0" : {
    "transaction" : "/parabank/logout.htm-953-0",
    "sampleCount" : 50,
    "errorCount" : 0,
    "errorPct" : 0.0,
    "meanResTime" : 330.48,
    "medianResTime" : 326.0,
    "minResTime" : 310.0,
    "maxResTime" : 442.0,
    "pct1ResTime" : 345.5,
    "pct2ResTime" : 365.29999999999984,
    "pct3ResTime" : 442.0,
    "throughput" : 10.615711252653927,
    "receivedKBytesPerSec" : 4.074193869426751,
    "sentKBytesPerSec" : 6.178675690021231
  },
  "/parabank/register.htm-1,022" : {
    "transaction" : "/parabank/register.htm-1,022",
    "sampleCount" : 140,
    "errorCount" : 1,
    "errorPct" : 0.71428573,
    "meanResTime" : 1161.2499999999993,
    "medianResTime" : 476.0,
    "minResTime" : 324.0,
    "maxResTime" : 6030.0,
    "pct1ResTime" : 3228.7000000000003,
    "pct2ResTime" : 3499.5499999999997,
    "pct3ResTime" : 5603.600000000004,
    "throughput" : 7.205352547606794,
    "receivedKBytesPerSec" : 12.708581285383428,
    "sentKBytesPerSec" : 7.058390697375193
  },
  "/parabank/services_proxy/bank/billpay?accountId=13788&amount=4-1,172" : {
    "transaction" : "/parabank/services_proxy/bank/billpay?accountId=13788&amount=4-1,172",
    "sampleCount" : 21,
    "errorCount" : 0,
    "errorPct" : 0.0,
    "meanResTime" : 450.47619047619037,
    "medianResTime" : 372.0,
    "minResTime" : 336.0,
    "maxResTime" : 773.0,
    "pct1ResTime" : 741.2,
    "pct2ResTime" : 770.6999999999999,
    "pct3ResTime" : 773.0,
    "throughput" : 3.4285714285714284,
    "receivedKBytesPerSec" : 1.1222895408163265,
    "sentKBytesPerSec" : 2.638392857142857
  },
  "/parabank/logout.htm-1,023-0" : {
    "transaction" : "/parabank/logout.htm-1,023-0",
    "sampleCount" : 134,
    "errorCount" : 0,
    "errorPct" : 0.0,
    "meanResTime" : 348.65671641791033,
    "medianResTime" : 328.0,
    "minResTime" : 313.0,
    "maxResTime" : 796.0,
    "pct1ResTime" : 361.5,
    "pct2ResTime" : 486.5,
    "pct3ResTime" : 792.1500000000001,
    "throughput" : 8.288488897136142,
    "receivedKBytesPerSec" : 3.3551176779860206,
    "sentKBytesPerSec" : 4.82415955341127
  },
  "/parabank/logout.htm-1,023-1" : {
    "transaction" : "/parabank/logout.htm-1,023-1",
    "sampleCount" : 134,
    "errorCount" : 0,
    "errorPct" : 0.0,
    "meanResTime" : 995.2611940298506,
    "medianResTime" : 485.5,
    "minResTime" : 322.0,
    "maxResTime" : 6118.0,
    "pct1ResTime" : 3115.5,
    "pct2ResTime" : 3787.75,
    "pct3ResTime" : 5578.650000000009,
    "throughput" : 8.394412077930212,
    "receivedKBytesPerSec" : 12.901661263546954,
    "sentKBytesPerSec" : 4.9581209280836935
  },
  "/parabank/logout.htm-1,023" : {
    "transaction" : "/parabank/logout.htm-1,023",
    "sampleCount" : 134,
    "errorCount" : 0,
    "errorPct" : 0.0,
    "meanResTime" : 1344.283582089552,
    "medianResTime" : 810.5,